{
    "open sans": {
        "300_italic": "D:\\wamp64\\www\\projects\\agreement\\storage\\fonts\/open_sans_300_italic_945d8dd4a3efccc1bb28c16b6242db51",
        "italic": "D:\\wamp64\\www\\projects\\agreement\\storage\\fonts\/open_sans_italic_877b1c2661afb6fd8801d8d676e92166",
        "500_italic": "D:\\wamp64\\www\\projects\\agreement\\storage\\fonts\/open_sans_500_italic_6553c22d1e76c3d4440f64b48805fc7c",
        "600_italic": "D:\\wamp64\\www\\projects\\agreement\\storage\\fonts\/open_sans_600_italic_38650afefae818658a58a3f734c27327",
        "bold_italic": "D:\\wamp64\\www\\projects\\agreement\\storage\\fonts\/open_sans_bold_italic_f909b48de15edc7e40c0cecc141c2730",
        "800_italic": "D:\\wamp64\\www\\projects\\agreement\\storage\\fonts\/open_sans_800_italic_0a4825527362f06dbcf6601f5ab55f61",
        "300": "D:\\wamp64\\www\\projects\\agreement\\storage\\fonts\/open_sans_300_8513b9024ad211a10e857eba11f0f357",
        "normal": "D:\\wamp64\\www\\projects\\agreement\\storage\\fonts\/open_sans_normal_2bf6e8a03908d49a7fa7b1094b0c2804",
        "500": "D:\\wamp64\\www\\projects\\agreement\\storage\\fonts\/open_sans_500_663f11545dfeea65b44b2da12b5a66b1",
        "600": "D:\\wamp64\\www\\projects\\agreement\\storage\\fonts\/open_sans_600_94288badef373364367fbfb769e688ce",
        "bold": "D:\\wamp64\\www\\projects\\agreement\\storage\\fonts\/open_sans_bold_0e7196744e416eea97ecd5b9781a44c2",
        "800": "open_sans_800_32706e64358098f2a0ad457efc8e0229"
    }
}